n1,n2,Re,Im
1.0,1.0,0.1317517046862674,0.0
1.0,2.0,0.1346522468082665,0.0
1.0,3.0,-0.05317945530743776,0.0
1.0,4.0,-0.04915743442199565,0.0
1.0,5.0,-0.008083300471513578,0.0
1.0,6.0,0.001101438555077213,0.0
1.0,7.0,0.02454245592905792,0.0
1.0,8.0,0.006680108159675721,0.0
1.0,9.0,0.0006246819004855414,0.0
1.0,10.0,-0.009610061561959957,0.0
1.0,11.0,-0.00945556423211577,0.0
1.0,12.0,0.0004823064160676923,0.0
1.0,13.0,0.002842928917668025,0.0
1.0,14.0,0.008444035823761608,0.0
1.0,15.0,0.001250875626310448,0.0
1.0,16.0,-0.001620876933435283,0.0
1.0,17.0,-0.004959897936490607,0.0
1.0,18.0,-0.003783970458845611,0.0
1.0,19.0,0.001647295713415206,0.0
1.0,20.0,0.002376498344539674,0.0
1.0,21.0,0.004438060771387583,0.0
1.0,22.0,-0.0003595691978817755,0.0
1.0,23.0,-0.00188264832228187,0.0
1.0,24.0,-0.00315990178444839,0.0
1.0,25.0,-0.001673045759826891,0.0
1.0,26.0,0.0020207451261021,0.0
1.0,27.0,0.00187759386914921,0.0
1.0,28.0,0.002658822088385277,0.0
1.0,29.0,-0.001153204438170664,0.0
1.0,30.0,-0.001797982222583976,0.0
1.0,31.0,-0.002132585904431515,0.0
1.0,32.0,-0.0005478485422222749,0.0
1.0,33.0,0.002202348423874144,0.0
1.0,34.0,0.001351034077022686,0.0
1.0,35.0,0.001639940355554581,0.0
1.0,36.0,-0.001728010946676347,0.0
1.0,37.0,-0.001481437986477279,0.0
1.0,38.0,-0.001362858488807799,0.0
1.0,39.0,0.0002633354152447862,0.0
1.0,40.0,0.002384679697681684,0.0
2.0,2.0,0.2613830295168405,0.0
2.0,3.0,0.1113523829318711,0.0
2.0,4.0,-0.02330430798174495,0.0
2.0,5.0,-0.01188809343300973,0.0
2.0,6.0,-0.007716902826953756,0.0
2.0,7.0,0.001208563837463108,0.0
2.0,8.0,0.00470623148682898,0.0
2.0,9.0,0.001977657120366851,0.0
2.0,10.0,0.0006455712838945768,0.0
2.0,11.0,-0.002326361233726553,0.0
2.0,12.0,-0.001037946522013587,0.0
2.0,13.0,-0.000493461142473389,0.0
2.0,14.0,0.0009856307476615819,0.0
2.0,15.0,0.0009527017300046585,0.0
2.0,16.0,0.0001892848502439414,0.0
2.0,17.0,-0.0003014310801060057,0.0
2.0,18.0,-0.0008489015044781878,0.0
2.0,19.0,-0.000124087105111622,0.0
2.0,20.0,9.404341757200152e-05,0.0
2.0,21.0,0.0005933904619638966,0.0
2.0,22.0,0.0002487594341261499,0.0
2.0,23.0,-0.0001133796290132486,0.0
2.0,24.0,-0.0003192009682405741,0.0
2.0,25.0,-0.0003716780337836369,0.0
2.0,26.0,0.0001213474166401032,0.0
2.0,27.0,0.0001767405924177063,0.0
2.0,28.0,0.0003615200817523456,0.0
2.0,29.0,-1.60959659073186e-05,0.0
2.0,30.0,-0.0001809036469909694,0.0
2.0,31.0,-0.0002435834906339675,0.0
2.0,32.0,-0.0001368990477038688,0.0
2.0,33.0,0.0002150506626646183,0.0
2.0,34.0,0.0001499681465425807,0.0
2.0,35.0,0.0002092055110753058,0.0
2.0,36.0,-0.0001583987793664222,0.0
2.0,37.0,-0.000164285426925707,0.0
2.0,38.0,-0.0001541971411265251,0.0
2.0,39.0,1.50781402428024e-05,0.0
2.0,40.0,0.0002599633595013382,0.0
3.0,3.0,0.3125496618839591,0.0
3.0,4.0,0.131290805060808,0.0
3.0,5.0,-0.02123661016546573,0.0
3.0,6.0,-0.01340745515736458,0.0
3.0,7.0,-0.01835893608450894,0.0
3.0,8.0,-0.002820834366620046,0.0
3.0,9.0,0.005198691807362253,0.0
3.0,10.0,0.006253097362860654,0.0
3.0,11.0,0.005732676458140222,0.0
3.0,12.0,-0.002403692824967361,0.0
3.0,13.0,-0.002630803273894249,0.0
3.0,14.0,-0.00472659301401806,0.0
3.0,15.0,-0.0001671241722145281,0.0
3.0,16.0,0.001929342721999585,0.0
3.0,17.0,0.002737559640634663,0.0
3.0,18.0,0.001995950899102169,0.0
3.0,19.0,-0.001530360414127176,0.0
3.0,20.0,-0.001519967807028823,0.0
3.0,21.0,-0.002358101452494288,0.0
3.0,22.0,0.000436099018702435,0.0
3.0,23.0,0.001351636081255005,0.0
3.0,24.0,0.001679274942398515,0.0
3.0,25.0,0.0008417616485098914,0.0
3.0,26.0,-0.001349854148799878,0.0
3.0,27.0,-0.001074366164521564,0.0
3.0,28.0,-0.001406054580813921,0.0
3.0,29.0,0.0007454032537007648,0.0
3.0,30.0,0.001096801006344549,0.0
3.0,31.0,0.001134979014203201,0.0
3.0,32.0,0.000262704789220728,0.0
3.0,33.0,-0.0013082234792942,0.0
3.0,34.0,-0.0007482764259539617,0.0
3.0,35.0,-0.0008864855785910519,0.0
3.0,36.0,0.001000751099315534,0.0
3.0,37.0,0.0008499511331934758,0.0
3.0,38.0,0.0007479090144825429,0.0
3.0,39.0,-0.0001552056312261941,0.0
3.0,40.0,-0.001354058380278205,0.0
4.0,4.0,0.1916393016788245,0.0
4.0,5.0,0.09546533668166954,0.0
4.0,6.0,-0.01225695680789399,0.0
4.0,7.0,-0.02629653302953877,0.0
4.0,8.0,-0.007499827781158175,0.0
4.0,9.0,-0.001777096115747624,0.0
4.0,10.0,0.00888150925038675,0.0
4.0,11.0,0.006691899190082835,0.0
4.0,12.0,0.0004187725363280182,0.0
4.0,13.0,-0.002306512554309006,0.0
4.0,14.0,-0.005871920132089429,0.0
4.0,15.0,-0.0009130517464030654,0.0
4.0,16.0,0.0008985509543292138,0.0
4.0,17.0,0.00348271376224356,0.0
4.0,18.0,0.002394363357020296,0.0
4.0,19.0,-0.0009158169438284725,0.0
4.0,20.0,-0.001593215726516446,0.0
4.0,21.0,-0.002871194129167995,0.0
4.0,22.0,0.0002216903449398861,0.0
4.0,23.0,0.001138404602764235,0.0
4.0,24.0,0.002072602072968575,0.0
4.0,25.0,0.001031620791827011,0.0
4.0,26.0,-0.001226026185858484,0.0
4.0,27.0,-0.001202275136211411,0.0
4.0,28.0,-0.001683063329331759,0.0
4.0,29.0,0.0007237859943560587,0.0
4.0,30.0,0.001105586462822073,0.0
4.0,31.0,0.00136241635597211,0.0
4.0,32.0,0.0003329156524915746,0.0
4.0,33.0,-0.001360897208094638,0.0
4.0,34.0,-0.0008517322412319777,0.0
4.0,35.0,-0.001029034296863848,0.0
4.0,36.0,0.001080106156172807,0.0
4.0,37.0,0.0009191606634678764,0.0
4.0,38.0,0.0008576315793046629,0.0
4.0,39.0,-0.000166813478867492,0.0
4.0,40.0,-0.001485515849726145,0.0
5.0,5.0,0.2460211612086926,0.0
5.0,6.0,0.1137390389509834,0.0
5.0,7.0,-0.03976775402847342,0.0
5.0,8.0,-0.02112439960447672,0.0
5.0,9.0,-0.008829490523639091,0.0
5.0,10.0,0.004609728799310333,0.0
5.0,11.0,0.01228722721640432,0.0
5.0,12.0,0.002557062736986904,0.0
5.0,13.0,1.73282633377387e-05,0.0
5.0,14.0,-0.007304999622918136,0.0
5.0,15.0,-0.00287177013077772,0.0
5.0,16.0,0.0001452583844353643,0.0
5.0,17.0,0.003347813188205797,0.0
5.0,18.0,0.003894061888209875,0.0
5.0,19.0,-0.000453990356838453,0.0
5.0,20.0,-0.00136628865931012,0.0
5.0,21.0,-0.003602969577277669,0.0
5.0,22.0,-0.0003987830527691648,0.0
5.0,23.0,0.001116117037299853,0.0
5.0,24.0,0.002302721488563422,0.0
5.0,25.0,0.0016572192084348,0.0
5.0,26.0,-0.001217071432438214,0.0
5.0,27.0,-0.001308032542807175,0.0
5.0,28.0,-0.002116620129595614,0.0
5.0,29.0,0.0005842496710171618,0.0
5.0,30.0,0.001254639799108725,0.0
5.0,31.0,0.001591191760223415,0.0
5.0,32.0,0.0005727708414354821,0.0
5.0,33.0,-0.001528325375098803,0.0
5.0,34.0,-0.0009893517390346075,0.0
5.0,35.0,-0.00126310068446461,0.0
5.0,36.0,0.001182368441929524,0.0
5.0,37.0,0.001075746884832254,0.0
5.0,38.0,0.001004641337136742,0.0
5.0,39.0,-0.0001602692116936199,0.0
5.0,40.0,-0.001725120229808594,0.0
6.0,6.0,0.2600792450121767,0.0
6.0,7.0,0.1372763407633552,0.0
6.0,8.0,-0.01690511597170136,0.0
6.0,9.0,-0.01776229809114802,0.0
6.0,10.0,-0.01550129072082558,0.0
6.0,11.0,-0.006572918201236612,0.0
6.0,12.0,0.007071120825341914,0.0
6.0,13.0,0.005226066823001173,0.0
6.0,14.0,0.006653031546705605,0.0
6.0,15.0,-0.001618261732319616,0.0
6.0,16.0,-0.003359900956093461,0.0
6.0,17.0,-0.003953809036826368,0.0
6.0,18.0,-0.001768510024578597,0.0
6.0,19.0,0.002621976876111531,0.0
6.0,20.0,0.002184351282559752,0.0
6.0,21.0,0.002741029976206899,0.0
6.0,22.0,-0.001090259363892841,0.0
6.0,23.0,-0.001866180147920416,0.0
6.0,24.0,-0.002080853460228216,0.0
6.0,25.0,-0.0006959793927646789,0.0
6.0,26.0,0.001854672210870635,0.0
6.0,27.0,0.001351410632835958,0.0
6.0,28.0,0.001573889484189864,0.0
6.0,29.0,-0.001104667379438086,0.0
6.0,30.0,-0.001368179012793849,0.0
6.0,31.0,-0.001341860596951263,0.0
6.0,32.0,-0.00018240346553141,0.0
6.0,33.0,0.001634780071001781,0.0
6.0,34.0,0.0008962675112677509,0.0
6.0,35.0,0.001013107037231141,0.0
6.0,36.0,-0.001261873868085358,0.0
6.0,37.0,-0.001023759412152897,0.0
6.0,38.0,-0.0008890364628269784,0.0
6.0,39.0,0.000210756899614746,0.0
6.0,40.0,0.001635066262157107,0.0
7.0,7.0,0.2558573837206555,0.0
7.0,8.0,0.09996421659854553,0.0
7.0,9.0,-0.01752097855853333,0.0
7.0,10.0,-0.01748806673097243,0.0
7.0,11.0,-0.01155414046312455,0.0
7.0,12.0,0.0008070773345086993,0.0
7.0,13.0,0.005317888033486239,0.0
7.0,14.0,0.006396636604166373,0.0
7.0,15.0,0.001223939749306228,0.0
7.0,16.0,-0.0023486359750368,0.0
7.0,17.0,-0.003555131063832189,0.0
7.0,18.0,-0.002455117486088872,0.0
7.0,19.0,0.001389548978578406,0.0
7.0,20.0,0.001881248721094329,0.0
7.0,21.0,0.002604926910149569,0.0
7.0,22.0,-0.0002847180901106773,0.0
7.0,23.0,-0.00143020245159481,0.0
7.0,24.0,-0.001838618335291105,0.0
7.0,25.0,-0.0009269744960193015,0.0
7.0,26.0,0.001321531693191205,0.0
7.0,27.0,0.00115000815127585,0.0
7.0,28.0,0.001459298019092283,0.0
7.0,29.0,-0.0007104111667913388,0.0
7.0,30.0,-0.001108465558581456,0.0
7.0,31.0,-0.001169005146243985,0.0
7.0,32.0,-0.0002826119821612589,0.0
7.0,33.0,0.001295086084061603,0.0
7.0,34.0,0.0007602988375852546,0.0
7.0,35.0,0.0008964598929785379,0.0
7.0,36.0,-0.0009888526994500432,0.0
7.0,37.0,-0.000846919797770893,0.0
7.0,38.0,-0.0007507901239077145,0.0
7.0,39.0,0.0001515700985737622,0.0
7.0,40.0,0.001346866949677042,0.0
8.0,8.0,0.220734179399759,0.0
8.0,9.0,0.1148659592036089,0.0
8.0,10.0,-0.02988627266300654,0.0
8.0,11.0,-0.02588008269353268,0.0
8.0,12.0,-0.008319945262769366,0.0
8.0,13.0,0.0004188519885555963,0.0
8.0,14.0,0.01341095325980783,0.0
8.0,15.0,0.004140783767855188,0.0
8.0,16.0,0.0007653425626417654,0.0
8.0,17.0,-0.005956364085873665,0.0
8.0,18.0,-0.00527776198048823,0.0
8.0,19.0,0.0002414816786958517,0.0
8.0,20.0,0.002046118458926413,0.0
8.0,21.0,0.005134460747426825,0.0
8.0,22.0,0.0004268779759086291,0.0
8.0,23.0,-0.001257315220708062,0.0
8.0,24.0,-0.003349905817411132,0.0
8.0,25.0,-0.002063798358154139,0.0
8.0,26.0,0.001460750692811914,0.0
8.0,27.0,0.001775365482408366,0.0
8.0,28.0,0.002812498896800695,0.0
8.0,29.0,-0.0007963651333263287,0.0
8.0,30.0,-0.001543653932684271,0.0
8.0,31.0,-0.002162138139593942,0.0
8.0,32.0,-0.0006886418988633458,0.0
8.0,33.0,0.001919394882723843,0.0
8.0,34.0,0.001300707158279216,0.0
8.0,35.0,0.001640944516855692,0.0
8.0,36.0,-0.001533652703934599,0.0
8.0,37.0,-0.001361747354698401,0.0
8.0,38.0,-0.001318016179533857,0.0
8.0,39.0,0.0002182126843502787,0.0
8.0,40.0,0.002208580217112378,0.0
9.0,9.0,0.2418591849862461,0.0
9.0,10.0,0.1194634935111349,0.0
9.0,11.0,-0.02022568915362353,0.0
9.0,12.0,-0.01854341083155782,0.0
9.0,13.0,-0.01087914711285934,0.0
9.0,14.0,-0.002776283517888136,0.0
9.0,15.0,0.007022208262910208,0.0
9.0,16.0,0.004147874478639331,0.0
9.0,17.0,0.003074086727673747,0.0
9.0,18.0,-0.00194040752091955,0.0
9.0,19.0,-0.002919202032188751,0.0
9.0,20.0,-0.001758749375271125,0.0
9.0,21.0,-0.000367874646746687,0.0
9.0,22.0,0.001964607918052044,0.0
9.0,23.0,0.00122026345042625,0.0
9.0,24.0,0.0008247451125828919,0.0
9.0,25.0,-0.0007315280960789517,0.0
9.0,26.0,-0.001192270629884199,0.0
9.0,27.0,-0.0006058147020319879,0.0
9.0,28.0,-0.0001630480555974429,0.0
9.0,29.0,0.0009361504418558215,0.0
9.0,30.0,0.0005607239047030155,0.0
9.0,31.0,0.0003837194046836108,0.0
9.0,32.0,-0.0003228712893720207,0.0
9.0,33.0,-0.0006901386794993148,0.0
9.0,34.0,-0.0002861882733576017,0.0
9.0,35.0,-0.0001854059836785914,0.0
9.0,36.0,0.0005757397547844611,0.0
9.0,37.0,0.0003348929335959108,0.0
9.0,38.0,0.0002669559937396025,0.0
9.0,39.0,-0.0001380426386666404,0.0
9.0,40.0,-0.0005522189616852388,0.0
10.0,10.0,0.2756239228159811,0.0
10.0,11.0,0.1223299614756887,0.0
10.0,12.0,-0.0245649908069826,0.0
10.0,13.0,-0.01749317203699541,0.0
10.0,14.0,-0.01598693952242552,0.0
10.0,15.0,-0.0007729212481403111,0.0
10.0,16.0,0.007636762223853352,0.0
10.0,17.0,0.006387160843204859,0.0
10.0,18.0,0.004400973088497491,0.0
10.0,19.0,-0.003987135192940562,0.0
10.0,20.0,-0.003489806035209349,0.0
10.0,21.0,-0.004219820197747765,0.0
10.0,22.0,0.0009610533210465883,0.0
10.0,23.0,0.002915278662761415,0.0
10.0,24.0,0.002787841264025808,0.0
10.0,25.0,0.001353274280976316,0.0
10.0,26.0,-0.002530557132531379,0.0
10.0,27.0,-0.001847373147761874,0.0
10.0,28.0,-0.002166254622342267,0.0
10.0,29.0,0.001284399351597916,0.0
10.0,30.0,0.00190438604051659,0.0
10.0,31.0,0.001711600967909097,0.0
10.0,32.0,0.000379088614065238,0.0
10.0,33.0,-0.002151762268382005,0.0
10.0,34.0,-0.001163988775831526,0.0
10.0,35.0,-0.001337686603691493,0.0
10.0,36.0,0.001585854863161585,0.0
10.0,37.0,0.001351535197862462,0.0
10.0,38.0,0.001133438931652172,0.0
10.0,39.0,-0.0002447590048355422,0.0
10.0,40.0,-0.002119046063892166,0.0
11.0,11.0,0.2234077322594802,0.0
11.0,12.0,0.1070991627784645,0.0
11.0,13.0,-0.01754411413444068,0.0
11.0,14.0,-0.02305915083254957,0.0
11.0,15.0,-0.008569964905285228,0.0
11.0,16.0,-0.001266175399963888,0.0
11.0,17.0,0.008777449910032396,0.0
11.0,18.0,0.005583621139219177,0.0
11.0,19.0,0.0006637239402038726,0.0
11.0,20.0,-0.002783775077376485,0.0
11.0,21.0,-0.005069302637586366,0.0
11.0,22.0,-0.0006308119122848484,0.0
11.0,23.0,0.001110557993969009,0.0
11.0,24.0,0.003343595915743006,0.0
11.0,25.0,0.001798548568112817,0.0
11.0,26.0,-0.001105040534514922,0.0
11.0,27.0,-0.001692209009545919,0.0
11.0,28.0,-0.002457531511235934,0.0
11.0,29.0,0.0006396222787986044,0.0
11.0,30.0,0.001271588514639918,0.0
11.0,31.0,0.001913688404324663,0.0
11.0,32.0,0.0005589670324864682,0.0
11.0,33.0,-0.00154476567285075,0.0
11.0,34.0,-0.001114545993890567,0.0
11.0,35.0,-0.001373866945034417,0.0
11.0,36.0,0.001260629178190358,0.0
11.0,37.0,0.001107920671920908,0.0
11.0,38.0,0.001106411168228112,0.0
11.0,39.0,-0.0001840166267694642,0.0
11.0,40.0,-0.001806036587760232,0.0
12.0,12.0,0.2385085267661697,0.0
12.0,13.0,0.1112644546970013,0.0
12.0,14.0,-0.02862391176413709,0.0
12.0,15.0,-0.01995827755177554,0.0
12.0,16.0,-0.00903158664176765,0.0
12.0,17.0,0.001365255408469967,0.0
12.0,18.0,0.009346569931151955,0.0
12.0,19.0,0.00324003601853779,0.0
12.0,20.0,0.00085503118721138,0.0
12.0,21.0,-0.004598359570238207,0.0
12.0,22.0,-0.002700128737357933,0.0
12.0,23.0,-0.0003682165911208637,0.0
12.0,24.0,0.001830828376590591,0.0
12.0,25.0,0.002701214131763504,0.0
12.0,26.0,4.687400685819186e-05,0.0
12.0,27.0,-0.0007035708320816084,0.0
12.0,28.0,-0.002154407917825634,0.0
12.0,29.0,-0.0003914425348756871,0.0
12.0,30.0,0.0006390986731126331,0.0
12.0,31.0,0.001282898473593565,0.0
12.0,32.0,0.000935920279818817,0.0
12.0,33.0,-0.0007959662805955475,0.0
12.0,34.0,-0.0007089974107921372,0.0
12.0,35.0,-0.001104110816036423,0.0
12.0,36.0,0.0005835633324226385,0.0
12.0,37.0,0.0007222046522563515,0.0
12.0,38.0,0.0007457196742242821,0.0
12.0,39.0,-1.652935146455309e-05,0.0
12.0,40.0,-0.001151525286090013,0.0
13.0,13.0,0.2548110125549641,0.0
13.0,14.0,0.131228587090046,0.0
13.0,15.0,-0.0219774560563836,0.0
13.0,16.0,-0.02030581533213994,0.0
13.0,17.0,-0.01523082433433425,0.0
13.0,18.0,-0.004621372693724599,0.0
13.0,19.0,0.009245702304328534,0.0
13.0,20.0,0.005868079221904919,0.0
13.0,21.0,0.006101172206814639,0.0
13.0,22.0,-0.003215034183930444,0.0
13.0,23.0,-0.004351631777449107,0.0
13.0,24.0,-0.004023512651790191,0.0
13.0,25.0,-0.0009574797507998486,0.0
13.0,26.0,0.003826718109034985,0.0
13.0,27.0,0.002484744734925409,0.0
13.0,28.0,0.002577580995707992,0.0
13.0,29.0,-0.002154615206266603,0.0
13.0,30.0,-0.002455227385021175,0.0
13.0,31.0,-0.002166278784309972,0.0
13.0,32.0,-0.0001622798663216521,0.0
13.0,33.0,0.002808558867363877,0.0
13.0,34.0,0.001457326514263357,0.0
13.0,35.0,0.001572908050702296,0.0
13.0,36.0,-0.002114531457573976,0.0
13.0,37.0,-0.001677452442518666,0.0
13.0,38.0,-0.001407645663737068,0.0
13.0,39.0,0.0003629293615432201,0.0
13.0,40.0,0.002652637745704035,0.0
14.0,14.0,0.2534933209191201,0.0
14.0,15.0,0.1067648839626578,0.0
14.0,16.0,-0.01876245835289753,0.0
14.0,17.0,-0.01838697841173528,0.0
14.0,18.0,-0.0114961551567795,0.0
14.0,19.0,0.0005240233092443051,0.0
14.0,20.0,0.006163007409969759,0.0
14.0,21.0,0.006178064826502538,0.0
14.0,22.0,0.001125034030509031,0.0
14.0,23.0,-0.002759629492453584,0.0
14.0,24.0,-0.00370047948644479,0.0
14.0,25.0,-0.002172318445110298,0.0
14.0,26.0,0.00172342182374494,0.0
14.0,27.0,0.002109782408094626,0.0
14.0,28.0,0.002485719532971876,0.0
14.0,29.0,-0.0007047801054372743,0.0
14.0,30.0,-0.001687125546810928,0.0
14.0,31.0,-0.001852222136888353,0.0
14.0,32.0,-0.0006020785915586307,0.0
14.0,33.0,0.001770761030268561,0.0
14.0,34.0,0.001149929006341427,0.0
14.0,35.0,0.001351786954600529,0.0
14.0,36.0,-0.001308568416037306,0.0
14.0,37.0,-0.001197317709256093,0.0
14.0,38.0,-0.001077864929402259,0.0
14.0,39.0,0.0001790352049276441,0.0
14.0,40.0,0.001873922444733218,0.0
15.0,15.0,0.2307361526619232,0.0
15.0,16.0,0.1123419475716867,0.0
15.0,17.0,-0.02699840600133457,0.0
15.0,18.0,-0.02243066042571906,0.0
15.0,19.0,-0.00856125901554835,0.0
15.0,20.0,0.0004159755567412219,0.0
15.0,21.0,0.01085657794854165,0.0
15.0,22.0,0.003638737870257608,0.0
15.0,23.0,0.0007638297134098036,0.0
15.0,24.0,-0.004840212669124999,0.0
15.0,25.0,-0.003966276420057655,0.0
15.0,26.0,0.0001819321115347777,0.0
15.0,27.0,0.001726167628227665,0.0
15.0,28.0,0.003828088295354826,0.0
15.0,29.0,4.636445949424922e-05,0.0
15.0,30.0,-0.001106955656096745,0.0
15.0,31.0,-0.002533258468178558,0.0
15.0,32.0,-0.001192792389815927,0.0
15.0,33.0,0.001463925542927582,0.0
15.0,34.0,0.001325692031215832,0.0
15.0,35.0,0.001858151940971332,0.0
15.0,36.0,-0.00122098249139487,0.0
15.0,37.0,-0.001230353485623051,0.0
15.0,38.0,-0.001356984280926003,0.0
15.0,39.0,0.0001232563062762413,0.0
15.0,40.0,0.002029711112178765,0.0
16.0,16.0,0.2366360954646325,0.0
16.0,17.0,0.1199399580930342,0.0
16.0,18.0,-0.02015333754106201,0.0
16.0,19.0,-0.02059086688175641,0.0
16.0,20.0,-0.01132068033395575,0.0
16.0,21.0,-0.003698008553370201,0.0
16.0,22.0,0.008129516423245768,0.0
16.0,23.0,0.004916444026410977,0.0
16.0,24.0,0.003761067855342793,0.0
16.0,25.0,-0.001935938871041753,0.0
16.0,26.0,-0.003967955109641836,0.0
16.0,27.0,-0.002173485833790269,0.0
16.0,28.0,-0.0009588447791252755,0.0
16.0,29.0,0.00270275497161803,0.0
16.0,30.0,0.001798073608693033,0.0
16.0,31.0,0.001354932942121931,0.0
16.0,32.0,-0.0007309388704906756,0.0
16.0,33.0,-0.002063142529017495,0.0
16.0,34.0,-0.0009286650083312784,0.0
16.0,35.0,-0.0006976087031032995,0.0
16.0,36.0,0.001658394991160013,0.0
16.0,37.0,0.001031873949437761,0.0
16.0,38.0,0.0008463865366958133,0.0
16.0,39.0,-0.0003731427175972941,0.0
16.0,40.0,-0.001675770983877123,0.0
17.0,17.0,0.2701242045348848,0.0
17.0,18.0,0.1205906626642487,0.0
17.0,19.0,-0.02566568791229668,0.0
17.0,20.0,-0.01831544501239486,0.0
17.0,21.0,-0.01535732048885888,0.0
17.0,22.0,0.0001710925985383458,0.0
17.0,23.0,0.008355113526041055,0.0
17.0,24.0,0.006404945651843155,0.0
17.0,25.0,0.003753019808145296,0.0
17.0,26.0,-0.004833841056175897,0.0
17.0,27.0,-0.003698950832773252,0.0
17.0,28.0,-0.004017725842650522,0.0
17.0,29.0,0.001828434875323567,0.0
17.0,30.0,0.003339099586018562,0.0
17.0,31.0,0.002788418490497825,0.0
17.0,32.0,0.0008238478420789,0.0
17.0,33.0,-0.003345961689848078,0.0
17.0,34.0,-0.001835667388635856,0.0
17.0,35.0,-0.002079980244250565,0.0
17.0,36.0,0.002300874318190074,0.0
17.0,37.0,0.002065879948475386,0.0
17.0,38.0,0.00167955978436913,0.0
17.0,39.0,-0.0003206006501977091,0.0
17.0,40.0,-0.003151481353463878,0.0
18.0,18.0,0.2318227827101126,0.0
18.0,19.0,0.1103666988054211,0.0
18.0,20.0,-0.01870835842959366,0.0
18.0,21.0,-0.0216016053711667,0.0
18.0,22.0,-0.008936873578981009,0.0
18.0,23.0,-0.001164366569714364,0.0
18.0,24.0,0.008367947412070658,0.0
18.0,25.0,0.004916327746151717,0.0
18.0,26.0,0.0007650441963776045,0.0
18.0,27.0,-0.002764403886041637,0.0
18.0,28.0,-0.004360366464269691,0.0
18.0,29.0,-0.0003648334955805112,0.0
18.0,30.0,0.001110405711229482,0.0
18.0,31.0,0.002920860625027548,0.0
18.0,32.0,0.001219637912246383,0.0
18.0,33.0,-0.001258300059136642,0.0
18.0,34.0,-0.001434287238940512,0.0
18.0,35.0,-0.001869024365050303,0.0
18.0,36.0,0.00111933827361346,0.0
18.0,37.0,0.001141430493287359,0.0
18.0,38.0,0.001359613866105176,0.0
18.0,39.0,-0.0001158064211148485,0.0
18.0,40.0,-0.001891030469886652,0.0
19.0,19.0,0.2350872301351086,0.0
19.0,20.0,0.1094808499134609,0.0
19.0,21.0,-0.02485915872476267,0.0
19.0,22.0,-0.01979672809375531,0.0
19.0,23.0,-0.00894134215111466,0.0
19.0,24.0,0.0001664131634345861,0.0
19.0,25.0,0.008131175232977548,0.0
19.0,26.0,0.003639601024098904,0.0
19.0,27.0,0.00112990845829874,0.0
19.0,28.0,-0.003213187088937885,0.0
19.0,29.0,-0.002702002969171212,0.0
19.0,30.0,-0.0006335272241950134,0.0
19.0,31.0,0.0009597068854953194,0.0
19.0,32.0,0.001964175874703888,0.0
19.0,33.0,0.0004265039031971857,0.0
19.0,34.0,-0.0002843651391286062,0.0
19.0,35.0,-0.001089776204516656,0.0
19.0,36.0,-0.0003994485086310963,0.0
19.0,37.0,0.0002229632344895899,0.0
19.0,38.0,0.0004339521504072947,0.0
19.0,39.0,0.0002496974648802216,0.0
19.0,40.0,-0.0003595723839122831,0.0
20.0,20.0,0.253443529611231,0.0
20.0,21.0,0.1300680193531106,0.0
20.0,22.0,-0.02486244358776869,0.0
20.0,23.0,-0.02158838006795307,0.0
20.0,24.0,-0.01536534241777282,0.0
20.0,25.0,-0.003692921708669039,0.0
20.0,26.0,0.01084723883710014,0.0
20.0,27.0,0.006176991037385235,0.0
20.0,28.0,0.00610286879524024,0.0
20.0,29.0,-0.004599225805026808,0.0
20.0,30.0,-0.005062437837078994,0.0
20.0,31.0,-0.004222935200487645,0.0
20.0,32.0,-0.0003666766102364141,0.0
20.0,33.0,0.005132441594674359,0.0
20.0,34.0,0.002604107987886307,0.0
20.0,35.0,0.002740546923414894,0.0
20.0,36.0,-0.003603126752919146,0.0
20.0,37.0,-0.002868896410961152,0.0
20.0,38.0,-0.002359320726023269,0.0
20.0,39.0,0.0005948082422581199,0.0
20.0,40.0,0.004435258791843473,0.0
21.0,21.0,0.2533607299544712,0.0
21.0,22.0,0.1094573524752009,0.0
21.0,23.0,-0.01869056017802764,0.0
21.0,24.0,-0.01832655925057202,0.0
21.0,25.0,-0.01131188963063158,0.0
21.0,26.0,0.0004088320415667584,0.0
21.0,27.0,0.006163711392885692,0.0
21.0,28.0,0.005869381428486591,0.0
21.0,29.0,0.0008521794377246293,0.0
21.0,30.0,-0.002779238447226402,0.0
21.0,31.0,-0.003494208463111489,0.0
21.0,32.0,-0.001755520504544012,0.0
21.0,33.0,0.002043887716452019,0.0
21.0,34.0,0.001881879338455754,0.0
21.0,35.0,0.002184948274980306,0.0
21.0,36.0,-0.001367329318923929,0.0
21.0,37.0,-0.001590458306073211,0.0
21.0,38.0,-0.001524594115911868,0.0
21.0,39.0,9.656060852272893e-05,0.0
21.0,40.0,0.002375818957857483,0.0
22.0,22.0,0.2350698433840048,0.0
22.0,23.0,0.1103607917864825,0.0
22.0,24.0,-0.02568428306714217,0.0
22.0,25.0,-0.02059713076115035,0.0
22.0,26.0,-0.008557349176885862,0.0
22.0,27.0,0.0005297279553095129,0.0
22.0,28.0,0.009252245166082442,0.0
22.0,29.0,0.00323852942936705,0.0
22.0,30.0,0.0006589443649378048,0.0
22.0,31.0,-0.003994212205370117,0.0
22.0,32.0,-0.002917968498130771,0.0
22.0,33.0,0.0002450480681612084,0.0
22.0,34.0,0.001393330931036622,0.0
22.0,35.0,0.002624424644643606,0.0
22.0,36.0,-0.0004558823131967017,0.0
22.0,37.0,-0.0009211832575075339,0.0
22.0,38.0,-0.001533492077405103,0.0
22.0,39.0,-0.0001240591623947368,0.0
22.0,40.0,0.001655435289188713,0.0
23.0,23.0,0.2318688013976468,0.0
23.0,24.0,0.1206363279349298,0.0
23.0,25.0,-0.02015628966286032,0.0
23.0,26.0,-0.02242959634763522,0.0
23.0,27.0,-0.01150627558219614,0.0
23.0,28.0,-0.004629028363803933,0.0
23.0,29.0,0.009349562234588115,0.0
23.0,30.0,0.005584911379641315,0.0
23.0,31.0,0.004410442378160493,0.0
23.0,32.0,-0.001941442544967535,0.0
23.0,33.0,-0.005278977962809988,0.0
23.0,34.0,-0.002457104290765682,0.0
23.0,35.0,-0.001771296964003326,0.0
23.0,36.0,0.003896571708819662,0.0
23.0,37.0,0.002395449690184471,0.0
23.0,38.0,0.002000070100266816,0.0
23.0,39.0,-0.0008501757771110683,0.0
23.0,40.0,-0.00378778408914298,0.0
24.0,24.0,0.2701153575191726,0.0
24.0,25.0,0.1198978725387954,0.0
24.0,26.0,-0.02697251953709259,0.0
24.0,27.0,-0.01838009006334554,0.0
24.0,28.0,-0.01522334753463109,0.0
24.0,29.0,0.001367505965185893,0.0
24.0,30.0,0.008765952524627633,0.0
24.0,31.0,0.006385329944762953,0.0
24.0,32.0,0.003066915178580489,0.0
24.0,33.0,-0.005944338972832188,0.0
24.0,34.0,-0.003555771639197982,0.0
24.0,35.0,-0.003951881108463548,0.0
24.0,36.0,0.003345796047512137,0.0
24.0,37.0,0.003479474809007196,0.0
24.0,38.0,0.002737310088356057,0.0
24.0,39.0,-0.0003024881380765524,0.0
24.0,40.0,-0.004954589634316518,0.0
25.0,25.0,0.2365712245804951,0.0
25.0,26.0,0.1123289479139835,0.0
25.0,27.0,-0.01877930564013341,0.0
25.0,28.0,-0.02032077554910667,0.0
25.0,29.0,-0.009021471529525187,0.0
25.0,30.0,-0.001260414070883967,0.0
25.0,31.0,0.007649416363240704,0.0
25.0,32.0,0.004147619436665629,0.0
25.0,33.0,0.0007587874297172948,0.0
25.0,34.0,-0.00235389329019537,0.0
25.0,35.0,-0.003366101145393771,0.0
25.0,36.0,0.0001508958560243988,0.0
25.0,37.0,0.0009014469167438126,0.0
25.0,38.0,0.001936787366220693,0.0
25.0,39.0,0.0001871807153610716,0.0
25.0,40.0,-0.001629019255215596,0.0
26.0,26.0,0.2307044366179679,0.0
26.0,27.0,0.1067879164253303,0.0
26.0,28.0,-0.02197253560138757,0.0
26.0,29.0,-0.01996555721226374,0.0
26.0,30.0,-0.008567889389121378,0.0
26.0,31.0,-0.0007784269933366056,0.0
26.0,32.0,0.007028907055976119,0.0
26.0,33.0,0.004142166256751199,0.0
26.0,34.0,0.001228254039130343,0.0
26.0,35.0,-0.001616438189272622,0.0
26.0,36.0,-0.002876134548585017,0.0
26.0,37.0,-0.0009129100513662311,0.0
26.0,38.0,-0.0001687395225878573,0.0
26.0,39.0,0.0009537659040811519,0.0
26.0,40.0,0.001251174418073124,0.0
27.0,27.0,0.2535641512445446,0.0
27.0,28.0,0.1312264591528095,0.0
27.0,29.0,-0.02862485821986231,0.0
27.0,30.0,-0.02304716556747533,0.0
27.0,31.0,-0.01599162648434044,0.0
27.0,32.0,-0.002771807202698571,0.0
27.0,33.0,0.01340478317033791,0.0
27.0,34.0,0.006398053304269685,0.0
27.0,35.0,0.006653091811930259,0.0
27.0,36.0,-0.007304348720957149,0.0
27.0,37.0,-0.005869497718814119,0.0
27.0,38.0,-0.00472803650724657,0.0
27.0,39.0,0.000986514827544937,0.0
27.0,40.0,0.008442204517154476,0.0
28.0,28.0,0.2547198248580594,0.0
28.0,29.0,0.1112412406197749,0.0
28.0,30.0,-0.01752617676073375,0.0
28.0,31.0,-0.01750443365067015,0.0
28.0,32.0,-0.01086831277995382,0.0
28.0,33.0,0.0004131681903417045,0.0
28.0,34.0,0.005321621861927205,0.0
28.0,35.0,0.005228293030865196,0.0
28.0,36.0,1.177647234228114e-05,0.0
28.0,37.0,-0.002304146633155511,0.0
28.0,38.0,-0.002631103530574958,0.0
28.0,39.0,-0.000491546898342567,0.0
28.0,40.0,0.002839979871983781,0.0
29.0,29.0,0.2384400390179204,0.0
29.0,30.0,0.1070760814408546,0.0
29.0,31.0,-0.024574283237255,0.0
29.0,32.0,-0.01855279597883378,0.0
29.0,33.0,-0.008308081892624284,0.0
29.0,34.0,0.0008114418295852026,0.0
29.0,35.0,0.007078666909644636,0.0
29.0,36.0,0.002551532634934393,0.0
29.0,37.0,0.0004130896361397279,0.0
29.0,38.0,-0.002406962208791548,0.0
29.0,39.0,-0.001038466485251003,0.0
29.0,40.0,0.0004909442440342844,0.0
30.0,30.0,0.2234343655905616,0.0
30.0,31.0,0.1223765169124182,0.0
30.0,32.0,-0.02023420765186453,0.0
30.0,33.0,-0.02588518688556299,0.0
30.0,34.0,-0.01156358919366292,0.0
30.0,35.0,-0.006580331209773718,0.0
30.0,36.0,0.01229603740202904,0.0
30.0,37.0,0.006694417947511823,0.0
30.0,38.0,0.005740055071520058,0.0
30.0,39.0,-0.002328877921733279,0.0
30.0,40.0,-0.009463313886252865,0.0
31.0,31.0,0.2755962685886679,0.0
31.0,32.0,0.1194283411209748,0.0
31.0,33.0,-0.02985394500511969,0.0
31.0,34.0,-0.01748418850216689,0.0
31.0,35.0,-0.01549359372345171,0.0
31.0,36.0,0.004605232305458627,0.0
31.0,37.0,0.00887137239433419,0.0
31.0,38.0,0.006252213069671265,0.0
31.0,39.0,0.0006444386371866552,0.0
31.0,40.0,-0.009600470065508397,0.0
32.0,32.0,0.2417769446473859,0.0
32.0,33.0,0.1148330339347575,0.0
32.0,34.0,-0.01753506611932366,0.0
32.0,35.0,-0.01777804834664155,0.0
32.0,36.0,-0.00881460959229189,0.0
32.0,37.0,-0.001769290399620406,0.0
32.0,38.0,0.005210291483421027,0.0
32.0,39.0,0.001975389190828589,0.0
32.0,40.0,0.0006115852630592195,0.0
33.0,33.0,0.2206555730236862,0.0
33.0,34.0,0.09998700529959054,0.0
33.0,35.0,-0.0168991609641186,0.0
33.0,36.0,-0.0211398645707946,0.0
33.0,37.0,-0.00749805117970725,0.0
33.0,38.0,-0.002829992316794326,0.0
33.0,39.0,0.004712431687780981,0.0
33.0,40.0,0.006684594524050983,0.0
34.0,34.0,0.2559097077382123,0.0
34.0,35.0,0.1372725094285346,0.0
34.0,36.0,-0.03976524543365691,0.0
34.0,37.0,-0.02629013474187023,0.0
34.0,38.0,-0.01836126721026373,0.0
34.0,39.0,0.001211022477437819,0.0
34.0,40.0,0.02453938324406511,0.0
35.0,35.0,0.2599870344956871,0.0
35.0,36.0,0.1137175854464656,0.0
35.0,37.0,-0.0122428465598868,0.0
35.0,38.0,-0.01341915551548528,0.0
35.0,39.0,-0.007710046599623817,0.0
35.0,40.0,0.001099156574739061,0.0
36.0,36.0,0.2458986471013237,0.0
36.0,37.0,0.0954285189890761,0.0
36.0,38.0,-0.02123921718816714,0.0
36.0,39.0,-0.0118966920263856,0.0
36.0,40.0,-0.008063724389612302,0.0
37.0,37.0,0.191647330476622,0.0
37.0,38.0,0.1313311500147239,0.0
37.0,39.0,-0.0233164977190812,0.0
37.0,40.0,-0.0491749705644661,0.0
38.0,38.0,0.3125049468707449,0.0
38.0,39.0,0.1113344122942846,0.0
38.0,40.0,-0.05314299807668156,0.0
39.0,39.0,0.2613047883499711,0.0
39.0,40.0,0.1345959048808014,0.0
40.0,40.0,0.131650059330475,0.0
